{
  "changes": [
    {
      "path": "src\\dataManager.js",
      "timestamp": "2025-03-09T05:28:59.798Z"
    },
    {
      "path": "src\\dataManager.js",
      "timestamp": "2025-03-09T05:32:05.623Z",
      "modifications": [
        {
          "type": "removed",
          "line": 2,
          "content": ""
        },
        {
          "type": "added",
          "line": 3,
          "content": "// main"
        }
      ]
    },
    {
      "path": "src\\notesExplorerProvider.js",
      "timestamp": "2025-03-09T05:36:31.288Z",
      "modifications": [
        {
          "type": "added",
          "line": 2,
          "content": "const main = \"main\";"
        }
      ]
    }
  ]
}